row_id,Surface Area (m2/g),Total Pore Volume(cm3/g),Micropore Volume (cm3/g),C (%),H (%),N (%),O (%),S (%),Temp (°C),Pressure (bar),CO2 uptake (mmol/g),split
0,1281.6,0.71,0.32,69.22,3.99,0.08,26.3,0.4,25,1.0,2.625,test
1,1012.6,0.56,0.22,64.83,3.64,0.38,30.77,0.38,25,1.0,2.586363636363636,validation
2,1408.8,0.83,0.36,72.41,3.63,0.01,23.59,0.37,25,1.0,2.920454545454545,test
3,1403.9,0.85,0.33,69.51,4.35,0.76,24.94,0.44,25,1.0,2.438636363636363,train
4,841.3,0.36,,68.43,0.0,31.09,0.48,0.0,25,1.0,3.23,train
5,667.4,0.29,,61.32,0.0,38.15,0.53,0.0,25,1.0,2.73,train
6,645.0,0.26,0.25,70.86,1.71,3.19,14.72,0.1,25,1.0,3.45,test
7,750.0,0.3,0.29,83.88,1.63,3.27,5.3,0.12,25,1.0,3.65,train
8,1259.0,0.52,0.49,87.56,1.06,1.87,0.23,0.11,25,1.0,4.33,train
9,1476.0,0.61,0.6,91.62,0.8,1.67,0.0,0.1,25,1.0,4.54,test
10,1692.0,0.71,0.68,94.51,0.58,1.51,0.0,0.12,25,1.0,4.46,test
11,2337.0,1.15,0.85,82.66,0.59,1.55,0.0,0.17,25,1.0,3.78,test
12,645.0,0.26,0.25,70.86,1.71,3.19,14.72,0.1,25,0.15,1.43,train
13,750.0,0.3,0.29,83.88,1.63,3.27,5.3,0.12,25,0.15,1.46,train
14,1259.0,0.52,0.49,87.56,1.06,1.87,0.23,0.11,25,0.15,1.36,train
15,1476.0,0.61,0.6,91.62,0.8,1.67,0.0,0.1,25,0.15,1.3,test
16,1692.0,0.71,0.68,94.51,0.58,1.51,0.0,0.12,25,0.15,1.2,train
17,2337.0,1.15,0.85,82.66,0.59,1.55,0.0,0.17,25,0.15,0.92,train
18,1728.66,0.7,0.67,93.4,0.73,0.89,6.79,0.4,25,1.0,4.21,test
19,2279.52,0.99,0.91,96.96,0.18,0.99,4.51,0.34,25,1.0,3.46,validation
20,2330.89,1.91,0.98,87.57,0.17,1.3,7.35,0.52,25,1.0,2.45,train
21,2112.0,0.94,0.86,82.84,2.06,0.75,14.35,0.0,25,1.0,4.18,train
22,3255.0,1.65,1.29,79.46,1.7,0.04,18.8,0.0,25,1.0,3.35,test
23,3337.0,2.05,0.54,89.4,1.41,0.16,9.03,0.0,25,1.0,2.9,validation
24,1634.0,0.76,0.56,82.49,2.02,0.82,14.67,0.0,25,1.0,4.14,train
25,2367.0,1.15,0.83,74.01,1.93,0.67,13.0,0.0,25,1.0,4.36,train
26,2844.0,1.63,0.89,73.43,2.03,0.67,23.88,0.0,25,1.0,3.65,validation
27,232.0,0.11,0.09,80.82,1.48,2.34,15.36,0.0,25,1.0,1.77,validation
28,332.0,0.16,0.12,76.25,0.0,1.89,21.86,0.0,25,1.0,2.1,train
29,937.0,0.4,0.38,77.57,0.0,1.54,20.89,0.0,25,1.0,3.38,validation
30,1214.0,0.53,0.48,79.37,0.0,1.18,19.45,0.0,25,1.0,3.4,test
31,1460.0,0.63,0.53,93.1,0.0,0.31,6.59,0.0,25,1.0,3.42,train
32,232.0,0.11,0.09,80.82,1.48,2.34,15.36,0.0,25,0.15,0.98,train
33,332.0,0.16,0.12,76.25,0.0,1.89,21.86,0.0,25,0.15,1.04,test
34,937.0,0.4,0.38,77.57,0.0,1.54,20.89,0.0,25,0.15,1.18,train
35,1214.0,0.53,0.48,79.37,0.0,1.18,19.45,0.0,25,0.15,0.85,train
36,1460.0,0.63,0.53,93.1,0.0,0.31,6.59,0.0,25,0.15,0.69,train
37,1898.0,1.52,0.43,82.85,0.0,0.0,17.15,0.0,25,1.0,2.44,train
38,1790.0,1.21,0.48,93.76,0.0,0.0,6.24,0.0,25,1.0,2.71,train
39,2424.0,1.38,0.51,95.01,0.0,0.0,4.99,0.0,25,1.0,2.67,test
40,2358.0,1.85,0.49,95.14,0.0,0.0,4.86,0.0,25,1.0,2.92,train
41,1829.0,1.25,0.49,96.75,0.0,0.0,3.25,0.0,25,1.0,3.13,train
42,1684.0,1.43,0.48,95.25,0.0,0.0,4.75,0.0,25,1.0,2.75,train
43,1898.0,1.52,0.43,82.85,0.0,0.0,17.15,0.0,25,0.15,0.8,train
44,1790.0,1.21,0.48,93.76,0.0,0.0,6.24,0.0,25,0.15,0.74,train
45,2424.0,1.38,0.51,95.01,0.0,0.0,4.99,0.0,25,0.15,0.7,train
46,2358.0,1.85,0.49,95.14,0.0,0.0,4.86,0.0,25,0.15,1.01,test
47,1829.0,1.25,0.49,96.75,0.0,0.0,3.25,0.0,25,0.15,1.2,validation
48,1684.0,1.43,0.48,95.25,0.0,0.0,4.75,0.0,25,0.15,0.68,train
49,1898.0,1.52,0.43,82.85,0.0,0.0,17.15,0.0,0,1.0,3.81,train
50,1790.0,1.21,0.48,93.76,0.0,0.0,6.24,0.0,0,1.0,4.4,train
51,2424.0,1.38,0.51,95.01,0.0,0.0,4.99,0.0,0,1.0,4.1,train
52,2358.0,1.85,0.49,95.14,0.0,0.0,4.86,0.0,0,1.0,4.77,validation
53,1829.0,1.25,0.49,96.75,0.0,0.0,3.25,0.0,0,1.0,5.03,train
54,1684.0,1.43,0.48,95.25,0.0,0.0,4.75,0.0,0,1.0,4.62,validation
55,3072.0,1.77,0.78,91.02,2.71,0.4,5.87,0.0,25,1.0,2.78,test
56,2730.0,1.84,1.12,94.5,0.95,0.8,3.75,0.0,25,1.0,2.34,train
57,654.0,0.46,0.36,77.12,1.08,0.75,21.05,0.0,25,1.0,3.08,validation
58,3072.0,1.77,0.78,91.02,2.71,0.4,5.87,0.0,0,1.0,4.09,train
59,2730.0,1.84,1.12,94.5,0.95,0.8,3.75,0.0,0,1.0,4.08,train
60,654.0,0.46,0.36,77.12,1.08,0.75,21.05,0.0,0,1.0,4.52,validation
61,660.0,0.28,0.24,83.48,0.01,3.53,12.98,0.0,25,1.0,2.94,validation
62,1076.0,0.44,0.38,84.57,2.94,3.03,9.46,0.0,25,1.0,4.11,validation
63,1268.0,0.55,0.5,90.49,0.0,2.12,7.39,0.0,25,1.0,3.64,test
64,1480.0,0.71,0.48,89.42,1.46,2.08,7.04,0.0,25,1.0,3.31,train
65,1161.0,0.38,0.35,88.44,0.01,3.02,8.53,0.0,25,1.0,3.69,train
66,1804.0,0.85,0.66,89.93,0.0,2.0,8.07,0.0,25,1.0,3.16,train
67,1857.0,0.87,0.48,92.01,0.0,1.32,6.67,0.0,25,1.0,3.06,train
68,660.0,0.28,0.24,83.48,0.01,3.53,12.98,0.0,25,0.15,0.74,test
69,1076.0,0.44,0.38,84.57,2.94,3.03,9.46,0.0,25,0.15,1.64,validation
70,1268.0,0.55,0.5,90.49,0.0,2.12,7.39,0.0,25,0.15,1.22,test
71,1480.0,0.71,0.48,89.42,1.46,2.08,7.04,0.0,25,0.15,1.52,validation
72,1161.0,0.38,0.35,88.44,0.01,3.02,8.53,0.0,25,0.15,1.38,test
73,1804.0,0.85,0.66,89.93,0.0,2.0,8.07,0.0,25,0.15,0.96,test
74,1857.0,0.87,0.48,92.01,0.0,1.32,6.67,0.0,25,0.15,0.92,train
75,660.0,0.28,0.24,83.48,0.01,3.53,12.98,0.0,0,1.0,4.22,test
76,1076.0,0.44,0.38,84.57,2.94,3.03,9.46,0.0,0,1.0,6.02,test
77,1268.0,0.55,0.5,90.49,0.0,2.12,7.39,0.0,0,1.0,5.43,test
78,1480.0,0.71,0.48,89.42,1.46,2.08,7.04,0.0,0,1.0,5.41,test
79,1161.0,0.38,0.35,88.44,0.01,3.02,8.53,0.0,0,1.0,5.82,test
80,1804.0,0.85,0.66,89.93,0.0,2.0,8.07,0.0,0,1.0,5.2,train
81,1857.0,0.87,0.48,92.01,0.0,1.32,6.67,0.0,0,1.0,5.04,train
82,909.0,0.44,0.32,79.5,1.5,0.0,19.0,0.0,25,1.0,3.2,test
83,1260.0,0.81,0.56,84.0,2.0,0.0,14.0,0.0,25,1.0,5.0,train
84,909.0,0.44,0.32,79.5,1.5,0.0,19.0,0.0,0,1.0,5.3,test
85,1260.0,0.81,0.56,84.0,2.0,0.0,14.0,0.0,0,1.0,7.1,train
86,473.0,0.2,0.17,88.4,2.2,0.0,9.4,0.0,25,1.01325,1.72,train
87,593.0,0.25,0.21,83.7,0.6,0.0,15.7,0.0,25,1.01325,2.33,validation
88,217.0,0.12,0.13,89.6,2.6,1.0,6.8,0.0,25,1.01325,1.12,train
89,473.0,0.2,0.17,88.4,2.2,0.0,9.4,0.0,25,0.1519875,0.7,test
90,593.0,0.25,0.21,83.7,0.6,0.0,15.7,0.0,25,0.1519875,0.9,test
91,217.0,0.12,0.13,89.6,2.6,1.0,6.8,0.0,25,0.1519875,0.5,train
92,955.0,0.43,0.31,57.46,3.37,0.66,38.51,0.0,0,1.0,4.93,train
93,1539.0,0.72,0.48,59.2,3.7,0.34,36.76,0.0,0,1.0,6.8,test
94,2442.0,1.56,0.86,60.41,3.91,0.24,35.44,0.0,0,1.0,7.14,train
95,2225.0,1.11,0.49,64.9,3.12,0.24,31.74,0.0,0,1.0,5.79,train
96,1543.0,0.71,0.61,66.56,2.99,0.86,29.59,0.0,0,1.0,5.06,train
97,2201.0,1.31,0.69,56.55,3.03,0.31,40.11,0.0,0,1.0,6.22,validation
98,2170.0,1.27,0.66,54.94,2.19,0.32,42.55,0.0,0,1.0,4.86,train
99,1630.0,0.69,0.6,76.91,2.73,0.2,20.16,0.0,0,1.0,6.47,validation
100,2132.0,1.13,0.7,59.22,3.88,0.23,36.67,0.0,0,1.0,6.85,train
101,1862.0,0.81,0.69,58.22,3.79,0.22,37.77,0.0,0,1.0,6.32,test
102,2091.0,0.87,0.65,90.49,0.0,0.0,9.51,0.0,25,1.0,3.85,train
103,2893.0,1.59,0.7,88.8,0.0,0.0,11.2,0.0,25,1.0,2.84,train
104,2091.0,0.87,0.65,90.49,0.0,0.0,9.51,0.0,0,1.0,6.17,test
105,2893.0,1.59,0.7,88.8,0.0,0.0,11.2,0.0,0,1.0,4.61,validation
106,1511.0,0.65,0.54,78.2,1.9,0.0,19.9,0.0,25,1.0,4.3,validation
107,1830.0,0.78,0.67,83.4,0.9,0.0,15.7,0.0,25,1.0,4.9,validation
108,2163.0,0.93,0.74,88.1,0.4,0.0,11.5,0.0,25,1.0,4.7,train
109,2610.0,1.15,0.74,88.7,0.4,0.0,10.9,0.0,25,1.0,4.0,train
110,1511.0,0.65,0.54,78.2,1.9,0.0,19.9,0.0,25,0.15,1.2,validation
111,1830.0,0.78,0.67,83.4,0.9,0.0,15.7,0.0,25,0.15,1.1,train
112,2163.0,0.93,0.74,88.1,0.4,0.0,11.5,0.0,25,0.15,1.1,train
113,2610.0,1.15,0.74,88.7,0.4,0.0,10.9,0.0,25,0.15,0.9,validation
114,2.48,,,47.1,5.29,0.66,46.39,0.56,0,1.013,2.18,train
115,46.3,,,47.1,5.29,0.66,46.39,0.56,0,1.013,2.21,validation
116,374.0,0.19,0.11,47.1,5.29,0.66,46.39,0.56,0,1.013,3.45,train
117,538.0,0.24,0.18,47.1,5.29,0.66,46.39,0.56,0,1.013,3.19,test
118,1032.0,0.49,0.35,47.1,5.29,0.66,46.39,0.56,0,1.013,4.38,train
119,864.0,0.41,0.28,47.1,5.29,0.66,46.39,0.56,0,1.013,3.74,train
120,1439.0,0.67,0.49,47.1,5.29,0.66,46.39,0.56,0,1.013,6.08,train
121,704.0,0.29,0.24,47.1,5.29,0.66,46.39,0.56,0,1.013,4.16,train
122,1101.0,0.54,0.38,47.1,5.29,0.66,46.39,0.56,0,1.013,5.36,train
123,1305.0,0.53,0.45,47.1,5.29,0.66,46.39,0.56,0,1.013,6.04,train
124,1671.0,0.67,0.59,47.1,5.29,0.66,46.39,0.56,0,1.013,5.4,test
125,2.48,,,47.1,5.29,0.66,46.39,0.56,0,0.15,1.18,train
126,46.3,,,47.1,5.29,0.66,46.39,0.56,0,0.15,1.2,validation
127,374.0,0.19,0.11,47.1,5.29,0.66,46.39,0.56,0,0.15,1.68,train
128,538.0,0.24,0.18,47.1,5.29,0.66,46.39,0.56,0,0.15,1.76,validation
129,1032.0,0.49,0.35,47.1,5.29,0.66,46.39,0.56,0,0.15,1.92,train
130,864.0,0.41,0.28,47.1,5.29,0.66,46.39,0.56,0,0.15,1.78,train
131,1439.0,0.67,0.49,47.1,5.29,0.66,46.39,0.56,0,0.15,2.27,test
132,704.0,0.29,0.24,47.1,5.29,0.66,46.39,0.56,0,0.15,2.16,test
133,1101.0,0.54,0.38,47.1,5.29,0.66,46.39,0.56,0,0.15,2.42,validation
134,1305.0,0.53,0.45,47.1,5.29,0.66,46.39,0.56,0,0.15,2.25,train
135,1671.0,0.67,0.59,47.1,5.29,0.66,46.39,0.56,0,0.15,2.25,train
136,637.0,0.35,0.25,84.2,0.0,0.76,15.04,0.0,0,1.0,4.0,train
137,1122.0,0.59,0.5,84.7,0.0,0.87,14.43,0.0,0,1.0,6.3,test
138,849.0,0.5,0.31,54.9,0.0,0.53,44.57,0.0,0,1.0,3.7,train
139,1175.0,0.55,0.49,83.43,1.52,0.0,15.05,0.0,25,1.0,1.85,train
140,2064.0,0.98,0.87,74.36,1.15,0.0,24.49,0.0,25,1.0,3.75,test
141,1175.0,0.55,0.49,83.43,1.52,0.0,15.05,0.0,0,1.0,2.79,train
142,2064.0,0.98,0.87,74.36,1.15,0.0,24.49,0.0,0,1.0,5.86,train
143,1175.0,0.55,0.49,83.43,1.52,0.0,15.05,0.0,25,0.15,0.75,train
144,2064.0,0.98,0.87,74.36,1.15,0.0,24.49,0.0,25,0.15,1.21,validation
145,1175.0,0.55,0.49,83.43,1.52,0.0,15.05,0.0,0,0.15,1.42,train
146,2064.0,0.98,0.87,74.36,1.15,0.0,24.49,0.0,0,0.15,2.43,train
147,1163.0,0.23,0.1,77.3,3.5,2.0,13.3,0.5,25,1.01325,0.66,train
148,2239.0,0.88,0.19,83.5,2.6,2.7,11.3,0.0,25,1.01325,0.85,test
149,1720.0,0.56,0.15,85.9,2.2,3.1,8.8,0.0,25,1.01325,2.81,train
150,1322.0,0.78,0.23,80.9,2.9,2.4,13.3,0.5,25,1.01325,3.4,train
151,2510.0,1.05,0.55,84.6,1.9,2.4,11.1,0.0,25,1.01325,3.71,train
152,2100.0,0.78,0.29,87.8,1.7,3.5,7.0,0.0,25,1.01325,2.18,validation
153,1714.0,0.83,,75.9,2.17,0.65,12.76,0.0,25,1.0,3.28,test
154,1636.0,0.51,,71.4,3.75,3.0,21.12,0.0,25,1.0,3.84,train
155,1957.0,0.79,,71.2,1.97,1.97,19.57,0.0,25,1.0,3.45,test
156,1294.0,0.63,,74.48,2.24,2.42,16.6,0.0,25,1.0,3.3,train
157,714.0,0.4,,70.85,2.43,2.43,18.9,0.0,25,1.0,2.81,train
158,774.0,0.41,0.3,74.2,2.2,0.75,22.85,0.0,25,1.0,3.53,test
159,1041.0,0.53,0.42,76.1,1.9,0.48,21.52,0.0,25,1.0,4.16,train
160,1199.0,0.6,0.48,72.0,1.5,0.36,26.14,0.0,25,1.0,3.87,train
161,2695.0,1.14,1.11,82.7,1.8,0.45,15.05,0.0,25,1.0,3.71,train
162,774.0,0.41,0.3,74.2,2.2,0.75,22.85,0.0,25,0.15,1.51,train
163,1041.0,0.53,0.42,76.1,1.9,0.48,21.52,0.0,25,0.15,1.55,validation
164,1199.0,0.6,0.48,72.0,1.5,0.36,26.14,0.0,25,0.15,1.28,train
165,2695.0,1.14,1.11,82.7,1.8,0.45,15.05,0.0,25,0.15,0.92,train
166,774.0,0.41,0.3,74.2,2.2,0.75,22.85,0.0,25,0.1,1.24,validation
167,1041.0,0.53,0.42,76.1,1.9,0.48,21.52,0.0,25,0.1,1.21,test
168,1199.0,0.6,0.48,72.0,1.5,0.36,26.14,0.0,25,0.1,1.01,train
169,2695.0,1.14,1.11,82.7,1.8,0.45,15.05,0.0,25,0.1,0.69,train
170,774.0,0.41,0.3,74.2,2.2,0.75,22.85,0.0,0,1.0,4.88,train
171,1041.0,0.53,0.42,76.1,1.9,0.48,21.52,0.0,0,1.0,5.63,train
172,1199.0,0.6,0.48,72.0,1.5,0.36,26.14,0.0,0,1.0,6.02,train
173,2695.0,1.14,1.11,82.7,1.8,0.45,15.05,0.0,0,1.0,6.24,train
174,1713.0,0.73,0.73,88.0,1.1,0.98,9.92,0.0,25,1.0,4.41,train
175,1893.0,0.79,0.78,89.7,0.8,0.79,8.71,0.0,25,1.0,4.22,validation
176,1871.0,0.8,0.79,90.5,0.6,0.6,8.3,0.0,25,1.0,3.92,train
177,1713.0,0.73,0.73,88.0,1.1,0.98,9.92,0.0,0,1.0,7.25,test
178,1893.0,0.79,0.78,89.7,0.8,0.79,8.71,0.0,0,1.0,7.12,train
179,1871.0,0.8,0.79,90.5,0.6,0.6,8.3,0.0,0,1.0,6.79,train
180,1486.0,0.64,,66.2,2.6,0.1,22.6,0.0,25,1.0,5.0,test
181,469.0,,,57.5,5.95,0.33,36.2,0.06,25,1.0132472,3.07,train
182,489.0,,,57.5,5.95,0.33,36.2,0.06,25,1.0132472,3.3,test
183,606.0,,,57.5,5.95,0.33,36.2,0.06,25,1.0132472,3.4,train
184,425.0,,,57.5,5.95,0.33,36.2,0.06,25,1.0132472,2.8,test
185,514.0,,,57.5,5.95,0.33,36.2,0.06,25,1.0132472,3.25,validation
186,605.0,,,57.5,5.95,0.33,36.2,0.06,25,1.0132472,3.45,validation
187,441.0,,,57.5,5.95,0.33,36.2,0.06,25,1.0132472,2.99,validation
188,512.0,,,57.5,5.95,0.33,36.2,0.06,25,1.0132472,3.37,train
189,573.0,,,57.5,5.95,0.33,36.2,0.06,25,1.0132472,3.48,train
190,434.0,,,57.5,5.95,0.33,36.2,0.06,25,1.0132472,3.01,train
191,524.0,,,57.5,5.95,0.33,36.2,0.06,25,1.0132472,3.42,train
192,633.0,,,57.5,5.95,0.33,36.2,0.06,25,1.0132472,3.73,train
193,671.0,0.43,,86.73,0.0,2.72,10.55,0.0,25,1.0,2.3,train
194,886.0,0.57,,87.7,0.0,2.28,10.02,0.0,25,1.0,2.6,validation
195,1033.0,0.69,,87.71,0.0,2.58,9.71,0.0,25,1.0,2.4,train
196,858.0,0.57,,90.01,0.0,2.7,7.29,0.0,25,1.0,2.5,validation
197,1142.0,0.85,,92.5,0.0,0.85,6.65,0.0,25,1.0,2.5,train
198,1316.0,1.14,,93.18,0.0,1.14,5.68,0.0,25,1.0,2.5,train
199,502.0,0.22,,85.21,5.87,2.74,6.18,0.0,25,1.0,2.24,train
200,1991.0,0.88,,87.21,5.03,2.94,4.82,0.0,25,1.0,3.72,train
201,1833.0,0.8,,86.24,5.31,3.21,5.24,0.0,25,1.0,3.39,validation
202,1099.0,0.45,,86.32,5.99,2.53,5.16,0.0,25,1.0,4.32,train
203,1821.0,0.79,,86.74,5.87,2.75,4.64,0.0,25,1.0,3.5,train
204,2185.0,0.99,,87.02,6.01,2.97,4.0,0.0,25,1.0,3.48,train
205,1343.0,0.55,,87.65,5.24,1.98,5.13,0.0,25,1.0,3.94,train
206,2318.0,1.03,,88.34,5.87,2.14,3.65,0.0,25,1.0,3.52,train
207,2321.0,1.11,,88.21,5.21,2.3,4.28,0.0,25,1.0,3.38,train
208,1636.0,0.74,0.68,54.0,3.75,2.69,39.56,0.0,25,1.0,2.86,train
209,2354.0,1.26,0.97,75.38,1.3,0.86,22.46,0.0,25,1.0,3.08,test
210,1144.0,0.64,0.48,68.18,1.57,4.8,25.45,0.0,25,1.0,2.1,test
211,1813.0,1.05,0.7,80.95,0.79,1.0,17.26,0.0,25,1.0,2.14,train
212,273.0,0.19,0.13,46.52,1.55,9.32,42.61,0.0,25,1.0,1.78,validation
213,481.0,0.27,0.24,52.01,1.92,8.75,37.32,0.0,25,1.0,1.83,validation
214,1636.0,0.74,0.68,54.0,3.75,2.69,39.56,0.0,25,0.15,0.67,validation
215,2354.0,1.26,0.97,75.38,1.3,0.86,22.46,0.0,25,0.15,0.64,train
216,1144.0,0.64,0.48,68.18,1.57,4.8,25.45,0.0,25,0.15,0.36,train
217,1813.0,1.05,0.7,80.95,0.79,1.0,17.26,0.0,25,0.15,0.38,validation
218,273.0,0.19,0.13,46.52,1.55,9.32,42.61,0.0,25,0.15,0.69,test
219,481.0,0.27,0.24,52.01,1.92,8.75,37.32,0.0,25,0.15,0.67,train
220,660.0,0.42,0.33,57.89,2.71,4.31,35.09,0.0,25,1.0,2.04,test
221,846.0,0.94,0.4,56.5,2.52,4.59,36.39,0.0,25,1.0,2.11,train
222,1176.0,0.72,0.57,60.87,3.01,5.83,30.29,0.0,25,1.0,2.19,train
223,2113.0,1.24,0.94,61.07,1.98,6.9,30.05,0.0,25,1.0,3.51,train
224,1508.0,0.94,0.68,62.98,2.1,6.02,28.9,0.0,25,1.0,3.42,train
225,2148.0,1.32,0.94,64.49,1.7,5.57,28.24,0.0,25,1.0,2.98,test
226,759.0,0.44,0.33,51.21,1.96,4.45,42.38,0.0,25,1.0,2.32,train
227,1606.0,0.97,0.78,71.19,2.88,4.02,21.91,0.0,25,1.0,1.92,test
228,1741.0,0.86,0.8,64.43,3.21,2.2,30.16,0.0,25,1.0,2.74,train
229,2251.0,1.21,1.03,70.44,1.62,0.94,27.0,0.0,25,1.0,2.54,test
230,3079.0,1.84,1.18,80.49,1.2,2.08,16.23,0.0,25,1.0,2.53,train
231,2354.0,1.26,0.97,75.38,1.3,0.86,22.46,0.0,25,1.0,3.04,test
232,2556.0,1.9,0.96,81.84,1.75,0.76,15.65,0.0,25,1.0,2.27,train
233,1000.0,0.68,0.53,51.67,1.75,1.57,45.01,0.0,25,1.0,2.37,train
234,759.0,0.44,0.33,51.21,1.96,4.45,42.38,0.0,0,1.0,3.3,train
235,1606.0,0.97,0.78,71.19,2.88,4.02,21.91,0.0,0,1.0,2.9,train
236,1741.0,0.86,0.8,64.43,3.21,2.2,30.16,0.0,0,1.0,4.73,train
237,1636.0,0.74,0.68,54.0,3.75,2.69,39.56,0.0,0,1.0,5.0,train
238,2251.0,1.21,1.03,70.44,1.62,0.94,27.0,0.0,0,1.0,4.2,train
239,3079.0,1.84,1.18,80.49,1.2,2.08,16.23,0.0,0,1.0,3.35,train
240,2354.0,1.26,0.97,75.38,1.3,0.86,22.46,0.0,0,1.0,5.13,train
241,2556.0,1.9,0.96,81.84,1.75,0.76,15.65,0.0,0,1.0,3.35,validation
242,1000.0,0.68,0.53,51.67,1.75,1.57,45.01,0.0,0,1.0,2.57,train
243,748.0,0.47,0.27,83.84,0.04,1.1,15.02,0.0,25,1.0,2.55,validation
244,697.0,0.46,0.25,75.15,0.05,6.5,18.3,0.0,25,1.0,2.92,validation
245,581.0,0.35,0.21,67.78,1.14,11.48,19.5,0.0,25,1.0,3.03,train
246,1065.0,0.47,0.39,59.43,1.24,2.43,36.9,0.43,25,1.0,2.69,train
247,1188.0,0.52,0.44,66.21,0.94,3.41,29.44,0.29,25,1.0,2.75,test
248,1055.0,0.46,0.39,61.47,1.16,3.45,33.92,0.24,25,1.0,2.44,train
249,706.0,0.33,0.25,48.26,1.77,3.39,46.58,0.14,25,1.0,1.95,train
250,669.0,0.31,,71.42,3.06,3.05,22.47,0.0,25,1.0,3.29,train
251,1450.0,0.61,,73.24,2.99,3.26,20.51,0.0,25,1.0,3.63,train
252,1310.0,0.65,,74.25,3.01,3.58,19.16,0.0,25,1.0,3.18,train
253,1036.0,0.44,,76.21,3.01,2.73,18.05,0.0,25,1.0,4.06,train
254,2412.0,1.14,,75.2,2.75,3.14,18.91,0.0,25,1.0,4.04,train
255,2596.0,1.42,,73.58,2.8,3.35,20.27,0.0,25,1.0,3.59,test
256,1416.0,0.58,,77.43,2.42,2.42,17.73,0.0,25,1.0,4.5,validation
257,2615.0,1.38,,76.52,2.53,2.68,18.27,0.0,25,1.0,3.6,train
258,2446.0,1.59,,76.03,2.86,3.12,17.99,0.0,25,1.0,3.39,train
259,1361.9,0.58,0.46,87.23,1.62,1.89,9.26,0.0,25,1.0,3.55,train
260,1005.4,0.41,0.34,87.42,1.32,2.37,8.89,0.0,25,1.0,3.75,train
261,1455.1,0.68,0.47,88.57,0.89,2.89,7.65,0.0,25,1.0,4.05,train
262,1248.7,0.5,0.41,89.74,0.78,2.16,7.32,0.0,25,1.0,2.62,train
263,1272.4,0.55,0.43,89.23,0.82,2.09,7.86,0.0,25,1.0,3.35,train
264,419.0,0.25,0.19,54.24,3.37,3.79,38.6,0.0,25,1.0,1.93,train
265,589.0,0.34,0.27,63.53,4.38,7.24,24.85,0.0,25,1.0,2.53,validation
266,802.0,0.47,0.37,57.6,3.45,1.52,37.43,0.0,25,1.0,1.96,train
267,516.0,0.28,0.2,52.55,3.35,3.52,40.58,0.0,25,1.0,1.7,validation
268,1687.0,0.94,0.77,72.63,3.18,1.89,22.3,0.0,25,1.0,3.06,train
269,1721.0,0.92,0.75,61.53,1.45,2.54,34.48,0.0,25,1.0,2.15,train
270,419.0,0.25,0.19,54.24,3.37,3.79,38.6,0.0,0,1.0,2.6,train
271,589.0,0.34,0.27,63.53,4.38,7.24,24.85,0.0,0,1.0,4.17,train
272,802.0,0.47,0.37,57.6,3.45,1.52,37.43,0.0,0,1.0,3.88,train
273,516.0,0.28,0.2,52.55,3.35,3.52,40.58,0.0,0,1.0,2.67,train
274,1687.0,0.94,0.77,72.63,3.18,1.89,22.3,0.0,0,1.0,5.22,validation
275,1721.0,0.92,0.75,61.53,1.45,2.54,34.48,0.0,0,1.0,3.17,validation
276,821.0,0.42,,65.54,2.14,12.17,20.15,0.0,25,1.0,3.99,train
277,1267.0,0.54,,64.89,2.15,11.93,21.03,0.0,25,1.0,4.24,train
278,1398.0,0.6,,63.54,2.16,11.67,22.63,0.0,25,1.0,4.02,test
279,1412.0,0.63,,62.21,2.12,11.23,24.44,0.0,25,1.0,3.93,train
280,1734.0,0.78,,75.01,1.41,9.24,14.34,0.0,25,1.0,4.26,train
281,1960.0,0.9,,74.32,1.35,8.56,15.77,0.0,25,1.0,4.23,validation
282,2167.0,0.96,,72.68,1.37,7.23,18.72,0.0,25,1.0,4.21,train
283,2016.0,0.94,,75.35,1.17,6.85,16.63,0.0,25,1.0,4.07,train
284,2394.0,1.13,,81.51,0.89,6.94,10.66,0.0,25,1.0,3.92,test
285,2659.0,1.32,,79.12,0.75,6.72,13.41,0.0,25,1.0,3.71,train
286,2655.0,1.4,,77.05,0.85,6.43,15.67,0.0,25,1.0,3.51,validation
287,2470.0,1.3,,76.92,0.96,6.2,15.92,0.0,25,1.0,3.42,train
288,821.0,0.42,,65.54,2.14,12.17,20.15,0.0,0,1.0,5.33,train
289,1267.0,0.54,,64.89,2.15,11.93,21.03,0.0,0,1.0,6.23,train
290,1398.0,0.6,,63.54,2.16,11.67,22.63,0.0,0,1.0,6.11,test
291,1412.0,0.63,,62.21,2.12,11.23,24.44,0.0,0,1.0,5.9,train
292,1734.0,0.78,,75.01,1.41,9.24,14.34,0.0,0,1.0,6.7,train
293,1960.0,0.9,,74.32,1.35,8.56,15.77,0.0,0,1.0,6.14,train
294,2167.0,0.96,,72.68,1.37,7.23,18.72,0.0,0,1.0,6.28,train
295,2016.0,0.94,,75.35,1.17,6.85,16.63,0.0,0,1.0,6.11,train
296,2394.0,1.13,,81.51,0.89,6.94,10.66,0.0,0,1.0,6.46,train
297,2659.0,1.32,,79.12,0.75,6.72,13.41,0.0,0,1.0,5.73,train
298,2655.0,1.4,,77.05,0.85,6.43,15.67,0.0,0,1.0,5.36,train
299,2470.0,1.3,,76.92,0.96,6.2,15.92,0.0,0,1.0,5.24,train
300,195.0,0.11,0.08,90.23,0.0,1.77,7.76,0.0,25,1.0,1.43,train
301,852.0,0.38,0.31,85.9,0.0,3.03,10.87,0.0,25,1.0,4.39,test
302,1185.0,0.52,0.43,90.97,0.0,3.35,5.54,0.0,25,1.0,4.8,train
303,694.0,0.37,0.25,88.31,0.0,1.95,9.53,0.0,25,1.0,3.39,train
304,699.0,0.49,0.16,92.63,0.0,1.73,5.45,0.0,25,1.0,2.56,validation
305,586.0,0.31,0.19,88.52,0.0,2.94,8.24,0.0,25,1.0,2.84,train
306,1700.0,0.89,0.56,86.45,0.0,3.3,9.97,0.0,25,1.0,5.29,validation
307,3172.0,1.6,,87.72,0.0,0.0,12.08,0.0,25,1.0,2.3,train
308,3020.0,1.89,,80.03,0.0,0.62,19.34,0.0,25,1.0,2.2,train
309,3064.0,1.56,,87.1,0.0,0.64,12.26,0.0,25,1.0,2.5,train
310,3021.0,1.58,,89.55,0.0,1.1,9.35,0.0,25,1.0,2.6,train
311,2473.0,1.26,,87.81,0.0,1.17,11.02,0.0,25,1.0,2.7,test
312,124.0,,,84.82,1.56,1.3,12.32,0.0,25,1.0,1.16,train
313,224.1,,,86.06,1.55,1.69,10.7,0.0,25,1.0,1.18,train
314,422.8,,,80.01,1.16,1.52,17.31,0.0,25,1.0,2.22,train
315,302.7,,,81.12,0.75,1.3,16.83,0.0,25,1.0,1.59,train
316,328.2,,,84.98,0.2,1.59,13.23,0.0,25,1.0,1.33,train
317,644.9,,,73.52,1.09,1.49,23.9,0.0,25,1.0,3.16,train
318,186.0,,,85.04,0.48,1.12,13.36,0.0,25,1.0,1.35,test
319,397.3,,,83.29,0.17,1.58,14.96,0.0,25,1.0,1.59,validation
320,1076.3,,,86.31,0.14,0.33,13.22,0.0,25,1.0,4.25,train
321,1082.0,0.58,0.44,77.91,0.0,9.44,12.65,0.0,25,1.0,3.78,train
322,1793.0,0.87,0.73,81.12,0.0,8.02,10.86,0.0,25,1.0,5.01,train
323,2328.0,1.11,0.94,84.91,0.0,5.05,10.04,0.0,25,1.0,4.32,train
324,2958.0,1.61,1.16,92.8,0.0,2.73,4.47,0.0,25,1.0,3.36,train
325,1082.0,0.58,0.44,77.91,0.0,9.44,12.65,0.0,25,0.15,1.29,validation
326,1793.0,0.87,0.73,81.12,0.0,8.02,10.86,0.0,25,0.15,1.38,train
327,2328.0,1.11,0.94,84.91,0.0,5.05,10.04,0.0,25,0.15,0.93,train
328,2958.0,1.61,1.16,92.8,0.0,2.73,4.47,0.0,25,0.15,0.65,train
329,1082.0,0.58,0.44,77.91,0.0,9.44,12.65,0.0,0,1.0,5.36,train
330,1793.0,0.87,0.73,81.12,0.0,8.02,10.86,0.0,0,1.0,7.6,train
331,2328.0,1.11,0.94,84.91,0.0,5.05,10.04,0.0,0,1.0,7.18,train
332,2958.0,1.61,1.16,92.8,0.0,2.73,4.47,0.0,0,1.0,6.24,train
333,1210.0,0.69,,74.3,0.0,9.8,15.9,0.0,25,1.0,4.181818181818182,test
334,1780.0,1.35,,82.5,0.0,6.94,10.56,0.0,25,1.0,4.659090909090909,test
335,2136.0,1.43,,80.8,0.0,6.84,12.36,0.0,25,1.0,3.886363636363636,train
336,3247.0,3.09,,86.9,0.0,2.07,11.03,0.0,25,1.0,4.954545454545454,test
337,1210.0,0.69,,74.3,0.0,9.8,15.9,0.0,0,1.0,6.113636363636363,train
338,1780.0,1.35,,82.5,0.0,6.94,10.56,0.0,0,1.0,7.772727272727272,train
339,2136.0,1.43,,80.8,0.0,6.84,12.36,0.0,0,1.0,7.431818181818182,train
340,3247.0,3.09,,86.9,0.0,2.07,11.03,0.0,0,1.0,8.068181818181818,validation
341,32.0,0.02,,83.16,1.74,3.81,11.29,0.0,25,1.0,1.94,validation
342,851.0,0.44,,87.0,0.97,0.83,11.2,0.0,25,1.0,4.52,train
343,927.0,0.48,,83.26,1.17,1.76,13.81,0.0,25,1.0,4.6,validation
344,1113.0,0.57,,83.59,1.18,1.98,13.25,0.0,25,1.0,4.8,train
345,1024.0,0.53,,83.02,1.16,1.98,13.84,0.0,25,1.0,4.76,train
346,945.0,0.49,,84.19,1.12,1.99,12.7,0.0,25,1.0,4.71,test
347,848.0,0.38,,67.03,2.34,3.77,26.86,0.0,25,1.0,3.39,train
348,1164.0,0.54,,68.32,2.55,4.01,25.12,0.0,25,1.0,3.67,train
349,1087.0,0.52,,67.65,2.25,4.5,25.6,0.0,25,1.0,3.22,train
350,1105.0,0.49,,70.25,2.12,3.21,24.42,0.0,25,1.0,3.69,train
351,2053.0,0.97,,71.37,2.04,3.64,22.95,0.0,25,1.0,3.47,train
352,1921.0,1.04,,70.98,2.06,4.03,22.93,0.0,25,1.0,3.12,test
353,1113.0,0.48,,73.56,2.09,2.61,21.74,0.0,25,1.0,3.88,validation
354,2264.0,1.34,,74.32,1.97,3.08,20.63,0.0,25,1.0,3.51,train
355,1824.0,1.03,,74.98,1.88,3.45,19.69,0.0,25,1.0,3.45,validation
356,735.0,0.31,,77.7,2.58,2.72,17.0,0.0,25,1.0,3.32,train
357,936.0,0.39,,78.36,2.29,4.56,14.79,0.0,25,1.0,4.12,train
358,1115.0,0.46,,79.36,2.43,5.36,12.85,0.0,25,1.0,4.14,validation
359,1003.0,0.41,,79.11,2.16,6.05,12.68,0.0,25,1.0,3.83,train
360,787.0,0.33,,80.6,2.42,1.56,15.42,0.0,25,1.0,3.86,train
361,1088.0,0.45,,79.32,2.36,3.9,14.42,0.0,25,1.0,4.06,train
362,1432.0,0.59,,78.62,1.76,4.25,15.37,0.0,25,1.0,4.64,test
363,1569.0,0.64,,77.65,2.24,5.94,14.17,0.0,25,1.0,4.4,train
364,932.0,0.39,,85.36,1.95,1.39,11.3,0.0,25,1.0,4.03,validation
365,1288.0,0.54,,83.69,1.7,3.85,10.76,0.0,25,1.0,4.61,train
366,1924.0,0.79,,81.34,1.64,4.09,12.93,0.0,25,1.0,4.57,train
367,2155.0,0.94,,76.96,1.29,5.74,16.01,0.0,25,1.0,4.38,train
368,947.0,0.35,,86.59,0.94,2.76,9.71,0.0,25,1.0,3.45,train
369,1082.0,0.39,,87.48,0.88,2.74,8.9,0.0,25,1.0,3.71,validation
370,1324.0,0.51,,91.35,0.82,1.52,6.31,0.0,25,1.0,3.49,train
371,1199.0,0.47,,91.08,0.52,1.42,6.98,0.0,25,1.0,3.07,test
372,1354.0,0.58,,88.71,0.55,1.34,9.4,0.0,25,1.0,3.03,train
373,1329.0,0.56,,91.35,0.56,1.13,6.96,0.0,25,1.0,2.86,train
374,1430.0,0.65,,93.24,0.65,0.86,5.25,0.0,25,1.0,2.78,train
375,2251.0,1.04,0.93,85.08,0.0,9.49,5.43,0.0,25,1.0,5.51,train
376,1890.0,0.87,0.8,82.68,0.0,13.9,3.42,0.0,25,1.0,5.63,train
377,1463.0,0.74,0.58,67.74,0.0,9.07,23.19,0.0,25,1.0,3.64,test
378,1827.0,0.96,0.73,82.14,0.0,12.61,5.25,0.0,25,1.0,3.73,train
379,514.0,0.21,,92.2,0.0,0.4,7.4,0.0,25,0.15,0.88,train
380,1248.0,0.44,,88.0,0.0,0.7,11.3,0.0,25,0.15,0.99,train
381,534.0,0.25,,83.7,0.0,4.1,12.2,0.0,25,0.15,1.11,test
382,847.0,0.34,,81.9,0.0,1.3,16.8,0.0,25,0.15,0.98,train
383,535.0,0.23,,85.3,0.0,1.8,12.9,0.0,25,0.15,0.91,train
384,362.0,0.27,,90.0,0.0,2.2,7.8,0.0,25,0.15,0.91,validation
385,840.0,0.34,,82.6,0.0,2.1,15.3,0.0,25,0.15,0.75,train
386,956.0,0.48,0.31,76.95,2.39,4.82,15.84,0.0,25,1.0,3.34,train
387,1258.0,0.61,0.4,83.63,2.9,4.21,9.26,0.0,25,1.0,3.46,train
388,1697.0,0.82,0.37,84.08,2.06,3.86,10.0,0.0,25,1.0,3.46,validation
389,1987.0,1.02,0.26,89.43,1.41,1.78,7.38,0.0,25,1.0,2.76,train
390,990.0,0.42,0.31,79.99,2.9,4.76,12.35,0.0,25,1.0,3.25,train
391,1428.0,0.65,0.29,78.36,2.58,4.38,14.68,0.0,25,1.0,3.06,train
392,1675.0,0.96,0.06,75.76,2.51,3.67,18.06,0.0,25,1.0,2.28,train
393,2086.0,1.08,0.16,91.38,1.06,2.52,5.04,0.0,25,1.0,2.59,test
394,1216.0,0.53,0.35,78.46,2.21,5.34,13.99,0.0,25,1.0,3.16,train
395,1446.0,0.63,0.37,81.6,2.41,4.15,11.84,0.0,25,1.0,3.21,test
396,1952.0,1.11,0.04,71.34,3.4,3.15,22.11,0.0,25,1.0,2.14,train
397,2305.0,1.23,0.13,79.17,2.13,1.81,16.89,0.0,25,1.0,2.34,test
398,956.0,0.48,0.31,76.95,2.39,4.82,15.84,0.0,0,1.0,4.61,train
399,1258.0,0.61,0.4,83.63,2.9,4.21,9.26,0.0,0,1.0,5.3,test
400,1697.0,0.82,0.37,84.08,2.06,3.86,10.0,0.0,0,1.0,5.25,train
401,1987.0,1.02,0.26,89.43,1.41,1.78,7.38,0.0,0,1.0,5.1,train
402,990.0,0.42,0.31,79.99,2.9,4.76,12.35,0.0,0,1.0,4.65,train
403,1428.0,0.65,0.29,78.36,2.58,4.38,14.68,0.0,0,1.0,4.97,train
404,1675.0,0.96,0.06,75.76,2.51,3.67,18.06,0.0,0,1.0,3.9,train
405,2086.0,1.08,0.16,91.38,1.06,2.52,5.04,0.0,0,1.0,4.69,train
406,1216.0,0.53,0.35,78.46,2.21,5.34,13.99,0.0,0,1.0,4.82,train
407,1446.0,0.63,0.37,81.6,2.41,4.15,11.84,0.0,0,1.0,5.15,validation
408,1952.0,1.11,0.04,71.34,3.4,3.15,22.11,0.0,0,1.0,3.73,train
409,2305.0,1.23,0.13,79.17,2.13,1.81,16.89,0.0,0,1.0,4.79,train
410,933.0,0.45,,66.51,2.33,12.27,18.89,0.0,25,1.0,3.43,validation
411,1005.0,0.46,,65.31,2.38,12.21,20.1,0.0,25,1.0,3.46,train
412,1170.0,0.53,,63.67,2.42,11.81,22.1,0.0,25,1.0,3.74,validation
413,1754.0,0.83,,69.83,2.14,10.51,17.52,0.0,25,1.0,3.69,train
414,1699.0,0.89,,70.32,1.98,9.54,18.16,0.0,25,1.0,3.65,train
415,1824.0,0.92,,71.66,1.97,7.74,18.63,0.0,25,1.0,3.92,train
416,2572.0,1.43,,77.7,1.56,6.57,14.17,0.0,25,1.0,3.75,train
417,2510.0,1.54,,80.32,1.73,5.03,12.92,0.0,25,1.0,3.56,train
418,2827.0,1.55,,84.24,1.65,4.69,9.42,0.0,25,1.0,3.61,validation
419,1020.0,0.52,,73.65,2.15,0.32,23.88,0.0,25,1.0,3.66,train
420,933.0,0.45,,66.51,2.33,12.27,18.89,0.0,0,1.0,4.8,test
421,1005.0,0.46,,65.31,2.38,12.21,20.1,0.0,0,1.0,4.84,validation
422,1170.0,0.53,,63.67,2.42,11.81,22.1,0.0,0,1.0,5.32,train
423,1754.0,0.83,,69.83,2.14,10.51,17.52,0.0,0,1.0,5.45,train
424,1699.0,0.89,,70.32,1.98,9.54,18.16,0.0,0,1.0,5.87,validation
425,1824.0,0.92,,71.66,1.97,7.74,18.63,0.0,0,1.0,6.23,train
426,2572.0,1.43,,77.7,1.56,6.57,14.17,0.0,0,1.0,6.23,train
427,2510.0,1.54,,80.32,1.73,5.03,12.92,0.0,0,1.0,6.16,validation
428,2827.0,1.55,,84.24,1.65,4.69,9.42,0.0,0,1.0,6.05,train
429,1020.0,0.52,,73.65,2.15,0.32,23.88,0.0,0,1.0,5.74,test
430,1788.0,0.91,0.49,40.4,0.0,5.6,54.0,0.0,25,1.0,4.8,train
431,2957.0,1.79,0.56,59.5,0.0,2.5,38.0,0.0,25,1.0,4.4,train
432,1075.0,0.75,0.21,64.0,0.0,2.2,33.8,0.0,25,1.0,4.0,test
433,1788.0,0.91,0.49,40.4,0.0,5.6,54.0,0.0,0,1.0,8.2,test
434,2957.0,1.79,0.56,59.5,0.0,2.5,38.0,0.0,0,1.0,7.6,train
435,1075.0,0.75,0.21,64.0,0.0,2.2,33.8,0.0,0,1.0,6.5,train
436,18.0,0.02,,80.03,0.0,13.53,5.76,0.0,25,1.0,1.5,train
437,982.0,0.62,,79.26,0.0,8.12,11.89,0.0,25,1.0,2.2,test
438,582.0,0.29,,74.73,0.0,15.88,7.28,0.0,25,1.0,2.1,test
439,18.0,0.02,,80.03,0.0,13.53,5.76,0.0,0,1.0,1.7,test
440,982.0,0.62,,79.26,0.0,8.12,11.89,0.0,0,1.0,4.8,test
441,582.0,0.29,,74.73,0.0,15.88,7.28,0.0,0,1.0,3.0,train
442,1165.0,1.03,,64.7,1.5,10.4,23.25,0.13,25,1.0,4.4,train
443,2693.0,1.68,,84.8,0.5,6.2,8.21,0.27,25,1.0,3.1,train
444,2731.0,1.89,,86.8,1.8,2.6,7.9,0.94,25,1.0,2.5,train
445,2799.0,1.91,,91.9,1.2,1.6,4.45,0.87,25,1.0,2.2,validation
446,1165.0,1.03,,64.7,1.5,10.4,23.25,0.13,0,1.0,5.3,validation
447,2693.0,1.68,,84.8,0.5,6.2,8.21,0.27,0,1.0,4.7,validation
448,2731.0,1.89,,86.8,1.8,2.6,7.9,0.94,0,1.0,4.1,train
449,2799.0,1.91,,91.9,1.2,1.6,4.45,0.87,0,1.0,4.0,train
450,667.0,0.29,0.28,63.3,2.4,6.5,27.8,0.0,25,1.0,3.74,train
451,716.0,0.32,0.31,61.5,2.5,6.6,29.4,0.0,25,1.0,4.04,test
452,718.0,0.33,0.31,59.1,2.3,6.8,31.8,0.0,25,1.0,4.17,train
453,907.0,0.4,0.39,57.9,2.6,6.7,32.8,0.0,25,1.0,4.26,test
454,667.0,0.29,0.28,63.3,2.4,6.5,27.8,0.0,25,0.15,1.46,validation
455,716.0,0.32,0.31,61.5,2.5,6.6,29.4,0.0,25,0.15,1.57,train
456,718.0,0.33,0.31,59.1,2.3,6.8,31.8,0.0,25,0.15,1.86,validation
457,907.0,0.4,0.39,57.9,2.6,6.7,32.8,0.0,25,0.15,1.77,test
458,935.0,0.42,,72.21,2.55,3.68,21.56,0.0,25,1.0,3.63,train
459,1441.0,0.6,,68.99,2.21,5.16,23.64,0.0,25,1.0,4.04,train
460,1117.0,0.52,,78.02,2.44,5.38,14.16,0.0,25,1.0,4.49,train
461,1482.0,0.64,,70.16,3.06,5.06,21.72,0.0,25,1.0,3.87,validation
462,1408.0,0.67,,76.23,2.39,3.81,17.57,0.0,25,1.0,3.73,test
463,1577.0,0.68,,79.18,2.11,2.6,16.11,0.0,25,1.0,3.99,train
464,2922.0,1.36,1.22,84.6,0.0,5.6,7.2,0.0,25,1.0,5.12,test
465,2779.0,1.39,1.1,79.1,0.0,7.1,11.8,0.0,25,1.0,5.48,test
466,1631.0,0.83,0.6,76.3,0.0,5.9,17.1,0.0,25,1.0,4.23,validation
467,607.0,,,80.2,0.0,4.3,15.5,0.0,25,1.0,2.7,train
468,1072.0,,,84.0,0.0,5.3,10.7,0.0,25,1.0,3.2,train
469,1863.0,1.0,,75.0,0.0,5.4,19.6,0.0,25,1.0,2.1,test
470,1340.0,0.68,,81.0,0.0,4.1,14.9,0.0,25,1.0,1.7,train
471,1420.0,0.76,,82.0,0.0,3.5,14.5,0.0,25,1.0,2.0,train
472,1082.0,0.43,,69.6,0.0,3.3,13.8,13.2,25,1.01325,3.2,train
473,1994.0,0.87,,73.1,0.0,4.2,10.3,12.5,25,1.01325,3.08,train
474,1405.0,0.8,,74.0,0.0,3.5,12.5,10.1,25,1.01325,5.22,train
475,447.0,0.22,0.18,71.9,1.37,11.25,15.48,0.0,25,1.0,1.48,train
476,1010.0,0.57,0.37,70.73,1.64,4.57,23.06,0.0,25,1.0,2.33,test
477,1352.0,0.78,0.54,69.65,1.42,4.14,24.79,0.0,25,1.0,2.78,train
478,1420.0,0.86,0.52,67.47,1.68,3.7,27.15,0.0,25,1.0,2.35,validation
479,1023.0,0.38,,84.2,1.52,1.35,12.93,0.0,25,1.0,4.1,validation
480,1383.0,0.56,,83.3,1.32,1.08,14.3,0.0,25,1.0,4.0,test
481,1604.0,0.65,,84.2,1.53,0.81,13.46,0.0,25,1.0,4.3,train
482,1178.0,0.49,,82.0,1.34,1.23,15.43,0.0,25,1.0,4.1,train
483,1535.0,0.6,,81.3,1.22,0.91,16.57,0.0,25,1.0,4.8,train
484,1687.0,0.67,,83.0,1.29,0.7,15.01,0.0,25,1.0,4.3,test
485,1550.0,0.62,,84.2,1.03,0.86,13.91,0.0,25,1.0,4.1,train
486,1596.0,0.64,,86.3,0.92,0.73,12.05,0.0,25,1.0,4.7,train
487,1937.0,0.78,,86.5,0.84,0.61,12.05,0.0,25,1.0,4.44,train
488,1513.0,0.58,,80.8,2.4,0.23,16.57,0.0,25,1.0,3.7,test
489,1012.0,0.44,,75.5,0.95,8.01,15.54,0.0,25,1.0,3.0,train
490,1426.1,0.83,0.56,43.5,2.2,4.2,50.1,0.0,25,1.0,2.7,train
491,764.0,,,62.51,0.0,5.0,32.49,0.0,30,1.0,1.901590909090909,train
492,2511.0,1.35,1.16,76.38,1.48,7.21,0.0,0.0,25,1.0,5.05,test
493,2511.0,1.35,1.16,76.38,1.48,7.21,0.0,0.0,0,1.0,7.19,test
494,2511.0,1.35,1.16,76.38,1.48,7.21,0.0,0.0,25,0.15,1.59,train
495,2511.0,1.35,1.16,76.38,1.48,7.21,0.0,0.0,0,0.15,3.26,train
496,1393.0,0.63,0.49,87.48,0.0,1.61,10.91,0.0,25,1.0,3.92,train
497,1759.0,0.92,0.6,89.48,0.0,1.43,9.09,0.0,25,1.0,4.45,train
498,1229.0,0.89,0.15,92.59,0.0,0.99,6.42,0.0,25,1.0,3.76,train
499,879.0,0.38,,64.2,4.02,6.16,25.62,0.0,25,1.0,3.68,train
500,1135.0,0.62,,70.5,3.38,4.83,21.29,0.0,25,1.0,4.04,train
501,1850.0,0.87,,69.8,3.0,4.31,22.89,0.0,25,1.0,4.16,train
502,1562.0,0.75,,69.0,2.69,3.84,24.47,0.0,25,1.0,3.79,test
503,1483.0,0.66,,70.0,2.67,4.56,22.77,0.0,25,1.0,4.26,test
504,1487.0,0.79,,71.2,2.45,3.59,22.76,0.0,25,1.0,4.22,train
505,2322.0,1.06,,74.1,2.8,3.19,19.91,0.0,25,1.0,4.1,validation
506,2521.0,1.34,,75.8,2.48,2.4,19.32,0.0,25,1.0,3.72,train
507,2349.0,0.99,,77.3,2.03,2.22,18.45,0.0,25,1.0,4.22,train
508,1967.0,0.94,,79.2,2.22,1.81,16.77,0.0,25,1.0,4.09,test
509,2690.0,1.19,,78.3,2.46,1.7,17.54,0.0,25,1.0,3.96,validation
510,2599.0,1.33,,80.7,2.11,1.21,15.98,0.0,25,1.0,3.44,train
511,1210.0,0.48,0.39,78.6,0.0,1.7,17.6,0.0,25,1.0,3.39,train
512,1360.0,0.51,0.4,81.3,0.0,1.0,15.3,0.0,25,1.0,4.09,test
513,1600.0,0.65,0.54,84.4,0.0,1.3,12.6,0.0,25,1.0,4.41,test
514,1630.0,0.66,0.56,85.5,0.0,2.5,12.0,0.0,25,1.0,4.2,test
515,2230.0,1.03,0.89,86.5,0.0,0.4,11.9,0.0,25,1.0,3.93,train
516,1950.0,0.88,0.72,84.8,0.0,0.4,11.9,0.0,25,1.0,4.23,train
517,1210.0,0.48,0.39,78.6,0.0,1.7,17.6,0.0,25,0.15,1.2,train
518,1360.0,0.51,0.4,81.3,0.0,1.0,15.3,0.0,25,0.15,1.55,train
519,1600.0,0.65,0.54,84.4,0.0,1.3,12.6,0.0,25,0.15,1.41,test
520,1630.0,0.66,0.56,85.5,0.0,2.5,12.0,0.0,25,0.15,1.14,train
521,2230.0,1.03,0.89,86.5,0.0,0.4,11.9,0.0,25,0.15,0.98,test
522,1950.0,0.88,0.72,84.8,0.0,0.4,11.9,0.0,25,0.15,1.14,test
523,1230.0,0.9,,66.41,0.0,8.33,25.26,4.0,0,1.0,5.14,train
524,2380.0,1.64,,77.93,0.0,4.94,17.13,1.12,0,1.0,5.45,train
525,2700.0,1.33,,80.95,0.0,3.45,15.6,1.29,0,1.0,4.27,test
